Model,RMSE,MAE,R2
XGBoost,0.6535148891410875,0.5050267362594606,0.9981906123848484
Random Forest,0.7880884858730399,0.5926440909090918,0.9973686985507609
LightGBM,0.6229447975040138,0.48415090215319506,0.9983559320374686
