Feature,Mean_SHAP
cat__Region_Middle East,0.006019644092067943
cat__Region_Latin America,0.00471794470384253
cat__Region_Africa,0.004369352391004531
cat__Region_Europe,0.0040217956297368485
cat__Region_Asia,0.002891191386393702
cat__Region_North America,0.00289063108808534
cat__Region_Oceania,0.0007517161246555449
