Metric,Value
RMSE,0.6535148891410875
MAE,0.5050267362594606
R2,0.9981906123848483
